Max;180;102;1;M
Max;180;102;1;M
Max teste;180;102;1;M
Max teste;180;102;1;M
Max;160;102;100;I
"Pessoa 1";164;102;100;I
"Pessoa 1";164;102;100;I
;160;105;32;F
Max;180;102;32;F
"Max <br/>hertel";170;102;32;I
<h1>Max<h1/>;120;56;30;I
;0;0;0;I
wee;244;190;43;F
wee;244;190;43;F
wee;244;190;43;F
wee;244;190;43;F
wee;244;190;43;F
wee;244;190;43;F
wee;244;190;43;F
wee;244;190;43;F
wee;244;190;43;F
wee;244;190;43;F
wee;244;190;43;F
wee;244;190;43;F
wee;244;190;43;F
wee;244;190;43;F
wee;244;190;43;F
wee;244;190;43;F
;0;0;0;I
noia;133;99999;5;I
;0;0;0;I
;0;0;0;M
dudu;33;33;33;F
dudu;33;33;33;I
dudu;33;33;33;I
dudu;33;33;33;I
dudu;33;33;33;I
dudu;33;33;33;I
dudu;33;33;33;I
dudu;33;33;33;I
dudu;33;33;33;I
dudu;33;33;33;I
dudu;33;33;33;I
dudu;33;33;33;I
dudu;33;33;33;I
dudu;33;33;33;I
dudu;33;33;33;I
dudu;33;33;33;I
dudu;33;33;33;I
dudu;33;33;33;I
dudu;33;33;33;I
dudu;33;33;33;I
dudu;33;33;33;I
